Apple	תפוח
Ant	נמלה
Air	אוויר
Arm	זרוע
Arrow	חץ
Ask	לשאול
Aunt	דודה
After	אחרי
Animal	בעל חיים
Angry	כועס
Answer	תשובה
Always	תמיד
Above	מעל
Around	מסביב
Alive	חי
Ball	כדור
Bring	להביא
Bag	תיק
Bed	מיטה
Bee	דבורה
Bird	ציפור
Boat	סירה
Boy	בן
Box	קופסה
Bread	לחם
Baby	תינוק
Blue	כחול
Book	ספר
Big	גדול
Bank	בנק
Cat	חתול
Car	מכונית
Cup	כוס
Cake	עוגה
Career	קריירה
Coat	מעיל
Cow	פרה
Coin	מטבע
Chair	כיסא
Child	ילד
Clock	שעון
Cloud	ענן
Card	קלף
City	עיר
Cry	לבכות
Dog	כלב
Day	יום
Dad	אבא
Door	דלת
Duck	ברווז||להתכופף
Doll	בובה
Drum	תוף
Dress	שמלה
Desk	שולחן עבודה||שולחן כתיבה
Deal	עסקה
Dark	אפל||חשוך
Drive	לנהוג
Dance	ריקוד||לרקוד
Dream	חלום||לחלום
Drink	משקה||שתייה||לשתות
Egg	ביצה
Ear	אוזן
Eye	עין
Eat	לאכול
End	סוף
Earth	כדור הארץ
Edge	קצה
Eight	שמונה
Easy	קל
Elephant	פיל
Enjoy	ליהנות
Empty	ריק
Enter	להיכנס
Evening	ערב
Every	כל
Fish	דג
Feel	להרגיש
Frog	צפרדע
Fire	אש
Friend	חבר
Food	אוכל
Fruit	פרי
Face	פנים
Foot	כף רגל
Fly	לעוף||זבוב
Fun	כיף
Five	חמש
Find	למצוא
Floor	רצפה
Fast	מהר
Gift	מתנה
Girl	בת
Game	משחק
Gate	שער
Grass	דשא
Garden	גן||גינה
Glass	זכוכית
Green	ירוק
Great	נהדר
Group	קבוצה
Gold	זהב
Good	טוב
Grow	לגדול||לגדל
Ground	אדמה
Give	לתת
Hat	כובע
Hand	יד
Hair	שיער
House	בית
Home	בית
Horse	סוס
Hill	גבעה
Head	ראש
Heart	לב
Heat	חום
Happy	שמח
Hope	תקווה
Hard	קשה
High	גבוה
Ice	קרח
Ink	דיו
Iron	ברזל
Island	אי
Idea	רעיון
Item	פריט
Issue	נושא||סוגייה
Image	תמונה
Important	חשוב
Inside	בפנים
Interest	עניין
Information	מידע
Invite	להזמין
Instant	מיידי
Include	לכלול
Jam	ריבה
Jellyfish	מדוזה
Jar	צנצנת
Job	עבודה
Jump	לקפוץ
Joy	שמחה
Join	להצטרף
Juice	מיץ
Jacket	ז'קט
Jungle	ג'ונגל
Judge	לשפוט||שופט
Journey	מסע
Joke	בדיחה
Jewel	תכשיט
Joint	משותף||מפרק
Kite	עפיפון
Key	מפתח
Kid	ילד/ה
King	מלך
Kit	ערכה
Keep	לשמור
Kind	אדיב
Knock	לנקוש
Know	יודע
Knee	ברך
Knife	סכין
Kitchen	מטבח
Kettle	קומקום
Kidney	כליה
Kingdom	ממלכה
Lion	אריה
Lamp	מנורה
Lake	אגם
Leaf	עלה
Leg	רגל
Light	אור||קל
Lock	מנעול
Love	אהבה
Laugh	לצחוק
Life	חיים
Long	ארוך
Left	שמאל
Large	גדול||רחב
List	רשימה
Look	להסתכל
Man	גבר
Map	מפה
Moon	ירח
Mouse	עכבר
Milk	חלב
Money	כסף
Mother	אימא
Market	שוק
Month	חודש
Music	מוזיקה
Morning	בוקר
Minute	דקה
Middle	אמצע
Move	לזוז
Much	הרבה
Nose	אף
Night	לילה
Nail	ציפורן
Name	שם
Nest	קן
Net	רשת
Number	מספר
Nine	תשע
Near	ליד
North	צפון
New	חדש
Noise	רעש
Nice	נחמד
Note	הערה
Next	הבא
Owl	ינשוף
Ocean	אוקיינוס
Ox	שור
One	אחת
Orange	תפוז
Open	פתוח
Over	מעל
Old	ישן||מבוגר
Order	הזמנה||סדר
Offer	הצעה
Oil	שמן
Often	לעיתים קרובות
Outside	בחוץ
Oven	תנור
Object	אובייקט||להתנגד
Package	חבילה
Pen	עט
Party	מסיבה
Park	פארק
People	אנשים
Pair	זוג
Paper	נייר
Pencil	עיפרון
Pay	לשלם
Plant	צמח
Play	לשחק
Pool	בריכה
Price	מחיר
Place	מקום
Picture	תמונה
Queen	מלכה
Quiz	בוחן
Quick	מהיר
Quiet	שקט
Question	שאלה
Quarter	רבע
Quantity	כמות
Quality	איכות
Qualify	להעפיל
Quote	ציטוט
Real	אמיתי
Red	אדום
Rain	גשם
Rice	אורז
Rock	סלע||אבן
Room	חדר
Ring	טבעת
Road	רחוב
Rope	חבל
Roof	גג
Run	לרוץ||ריצה
Read	לקרוא
Reach	להגיע למשהו
Ready	מוכן
River	נהר
Sun	שמש
Star	כוכב
Ship	ספינה
Sea	ים
Sand	חול
Sock	גרב
School	בית ספר
Shoe	נעל
Shop	חנות
Sheep	כבשה
Sky	שמיים
Smile	חיוך
Stone	אבן
Stick	מקל
Street	רחוב
Tree	עץ
Toy	צעצוע
Train	רכבת
Table	שולחן
Town	עיירה
Three	שלוש
Ten	עשר
Thick	עבה
Time	זמן
Tea	תה
Tire	צמיג
Try	לנסות
Tall	גבוה
Touch	לגעת
Talk	לדבר
Umbrella	מטרייה
Uncle	דוד
Uniform	מדים
Under	מתחת
Use	להשתמש
Up	למעלה
Us	אנחנו
Until	עד
Urban	עירוני
Useful	שימושי
Ugly	מכוער
Unit	יחידה
Unknown	לא ידוע
Usual	שגרתי
Unique	ייחודי
Version	גרסה
Vast	נרחב
Vase	כד
Voice	קול
Visit	לבקר
Very	מאוד
Vote	להצביע
View	נוף||לצפות
Virtual	וירטואלי
Value	ערך
Valuable	יקר ערך
Vacation	חופשה
Village	כפר
Vehicle	כלי רכב
Victory	ניצחון
Water	מים
Wind	רוח
Wall	קיר
Wood	עץ
Week	שבוע
Weak	חלש
Walk	הליכה||ללכת
Watch	שעון יד||לצפות
Window	חלון
Work	עבודה||לעבוד
Wheel	גלגל
Warm	חמים
Wave	גל
Wait	לחכות
White	לבן
X-Ray	צילום רנטגן
Xylophone	קסילופון
Xenophobia	פוביה מזרים
Yellow	צהוב
Yes	כן
Yell	צעקה||לצעוק
Yarn	חוט
Yard	חצר
Year	שנה
Yawn	פיהוק||לפהק
Yesterday	אתמול
Young	צעיר
Yolk	חלמון ביצה
Yacht	יאכטה
Yummy	טעים
Youth	נוער
Yoga	יוגה
Zebra	זברה
Zoo	גן חיות
Zero	אפס
Zodiac	גלגל המזלות
Zigzag	זיגזג
Zone	אזור
Zoom	תקריב
Zest	התלהבות
Zinc	אבץ
Zenith	פסגה||שיא
Zipper	רוכסן
